{
    "accuracy": [
        0.6325947046279907,
        0.7476769089698792,
        0.7569692730903625
    ],
    "loss": [
        1.057461142539978,
        0.64971524477005,
        0.6535588502883911
    ],
    "val_accuracy": [
        0.3285714387893677,
        0.3400000035762787,
        0.3742857277393341
    ],
    "val_loss": [
        1.8407490253448486,
        2.0749871730804443,
        1.82309889793396
    ],
    "learning_rate": [
        0.0010000000474974513,
        0.0010000000474974513,
        9.999999747378752e-06
    ]
}