{
    "precision_at_5": 0.7066666666666668,
    "recall_at_5": 0.014190093708165995,
    "ap_at_5": 0.7919907407407406,
    "mrr_at_5": 0.8111111111111111,
    "hit_rate_at_5": 0.9333333333333333,
    "ndcg_at_5": 0.8397495169791613,
    "precision_at_10": 0.6900000000000001,
    "recall_at_10": 0.02771084337349398,
    "ap_at_10": 0.7720948496682623,
    "mrr_at_10": 0.8166666666666667,
    "hit_rate_at_10": 0.9666666666666667,
    "ndcg_at_10": 0.8470954067214105,
    "precision_at_20": 0.6583333333333333,
    "recall_at_20": 0.052878179384203486,
    "ap_at_20": 0.7481502922238544,
    "mrr_at_20": 0.8194444444444444,
    "hit_rate_at_20": 1.0,
    "ndcg_at_20": 0.8544695394444999,
    "average_recommendation_time_sec": 0.6105684766662307
}