{
    "baseline": {
        "precision_at_5": 0.0,
        "recall_at_5": 0.0,
        "ap_at_5": 0.0,
        "mrr_at_5": 0.0,
        "hit_rate_at_5": 0.0,
        "ndcg_at_5": 0.0,
        "precision_at_10": 0.0,
        "recall_at_10": 0.0,
        "ap_at_10": 0.0,
        "mrr_at_10": 0.0,
        "hit_rate_at_10": 0.0,
        "ndcg_at_10": 0.0,
        "precision_at_20": 0.0,
        "recall_at_20": 0.0,
        "ap_at_20": 0.0,
        "mrr_at_20": 0.0,
        "hit_rate_at_20": 0.0,
        "ndcg_at_20": 0.0,
        "average_recommendation_time_sec": 0.7355687899980694
    },
    "transfer_learning": {
        "precision_at_5": 0.72,
        "recall_at_5": 0.014457831325301207,
        "ap_at_5": 0.7944907407407408,
        "mrr_at_5": 0.7955555555555555,
        "hit_rate_at_5": 0.9666666666666667,
        "ndcg_at_5": 0.8454095242718378,
        "precision_at_10": 0.6833333333333333,
        "recall_at_10": 0.027443105756358777,
        "ap_at_10": 0.779405528260687,
        "mrr_at_10": 0.7955555555555555,
        "hit_rate_at_10": 0.9666666666666667,
        "ndcg_at_10": 0.8480029656228536,
        "precision_at_20": 0.6600000000000001,
        "recall_at_20": 0.05301204819277109,
        "ap_at_20": 0.7452594396576928,
        "mrr_at_20": 0.7979365079365078,
        "hit_rate_at_20": 1.0,
        "ndcg_at_20": 0.8520905901811979,
        "average_recommendation_time_sec": 0.7097353933330548
    },
    "siamese": {
        "precision_at_5": 0.7066666666666667,
        "recall_at_5": 0.014190093708166,
        "ap_at_5": 0.770787037037037,
        "mrr_at_5": 0.7888888888888889,
        "hit_rate_at_5": 0.9333333333333333,
        "ndcg_at_5": 0.8217398980426179,
        "precision_at_10": 0.6833333333333333,
        "recall_at_10": 0.02744310575635877,
        "ap_at_10": 0.7562249412110523,
        "mrr_at_10": 0.7944444444444444,
        "hit_rate_at_10": 0.9666666666666667,
        "ndcg_at_10": 0.8327745339914662,
        "precision_at_20": 0.6783333333333332,
        "recall_at_20": 0.05448460508701472,
        "ap_at_20": 0.7271229291524612,
        "mrr_at_20": 0.7972222222222222,
        "hit_rate_at_20": 1.0,
        "ndcg_at_20": 0.8411574501574215,
        "average_recommendation_time_sec": 0.6997564133353686
    }
}