{
    "baseline": {
        "model_type": "baseline",
        "cold_start_latency_sec": 4.273487400001613,
        "average_inference_latency_sec": 0.3258829800004605,
        "average_similarity_search_latency_sec": 0.021438199997646734,
        "average_recommendation_latency_sec": 0.4872416999947745,
        "p50_latency_sec": 0.4731630999885965,
        "p95_latency_sec": 0.5669638600083999,
        "average_memory_usage_mb": 708.57265625,
        "peak_memory_usage_mb": 708.84375,
        "inference_fps": 2.052369491385332
    },
    "transfer_learning": {
        "model_type": "transfer_learning",
        "cold_start_latency_sec": 2.7714615000004414,
        "average_inference_latency_sec": 0.33191445999545977,
        "average_similarity_search_latency_sec": 0.0006005999981425703,
        "average_recommendation_latency_sec": 0.4946059600042645,
        "p50_latency_sec": 0.4529855000146199,
        "p95_latency_sec": 0.6846973800100385,
        "average_memory_usage_mb": 842.4453125,
        "peak_memory_usage_mb": 843.00390625,
        "inference_fps": 2.0218114637991382
    },
    "siamese": {
        "model_type": "siamese",
        "cold_start_latency_sec": 2.8534950999892317,
        "average_inference_latency_sec": 0.38690812000422736,
        "average_similarity_search_latency_sec": 0.0007568000059109181,
        "average_recommendation_latency_sec": 0.5002450999978464,
        "p50_latency_sec": 0.48341939999954775,
        "p95_latency_sec": 0.5883225800003856,
        "average_memory_usage_mb": 950.3078125,
        "peak_memory_usage_mb": 950.3828125,
        "inference_fps": 1.9990200803652152
    }
}