{
    "loss": [
        0.8362375497817993,
        0.7224177718162537
    ],
    "val_loss": [
        0.3226524889469147,
        0.36344170570373535
    ],
    "learning_rate": [
        9.999999747378752e-05,
        9.999999747378752e-05
    ]
}